{"cameraMode":{"drawMode":0,"name":"Shaded","section":"Shading Mode"},"sceneLighting":true,"audioPlay":false,"sceneViewState":{"m_AlwaysRefresh":false,"showFog":true,"showSkybox":true,"showFlares":true,"showImageEffects":true,"showParticleSystems":true,"showVisualEffectGraphs":true,"m_FxEnabled":true},"in2DMode":false,"pivot":{"x":6.2584052085876469,"y":3.9910097122192385,"z":-1.0569920539855958},"rotation":{"x":0.20896805822849275,"y":0.13850174844264985,"z":-0.03012210689485073,"w":0.9676652550697327},"size":5.968205451965332,"orthographic":false}